benchmark,method,prediction_dir,sample_count,psnr_mean,psnr_std,rmse_mean,rmse_std,ssim_mean,ssim_std,gradient_ratio_mean,gradient_ratio_std,lpips_mean,lpips_std,perceptual_ratio_mean,perceptual_ratio_std
msg-mtg,Bicubic,/share/data/drive_3/hanan/iclr2026_workshop/msg_mtg/bicubic_msg_mtg_pred,500,15.600690304333199,4.6382954200029625,0.19112897776645446,0.10521415637960604,0.6470302701592445,0.1837617577670173,0.18566583262520844,0.11528429191830666,0.6168700695931911,0.14972878856457258,1.0,0.0
msg-mtg,Stage1-005k,/share/data/drive_3/hanan/iclr2026_workshop/journal_stage1_sweep/msg_mtg/step_005000,500,24.11677933483304,4.203569639755593,0.07072140895113918,0.04203459049631291,0.7667430462837219,0.09690650063159591,0.6217106902589948,0.13017927703934876,0.2943944977670908,0.08064508618675285,0.4853217856742396,0.1081501218942544
msg-mtg,Stage1-010k,/share/data/drive_3/hanan/iclr2026_workshop/journal_stage1_sweep/msg_mtg/step_010000,500,24.12568731478281,4.1254611924583715,0.0703743710344017,0.04135151215521564,0.7705359474420548,0.09715758144513474,0.6493914230491712,0.13734344228613257,0.2977934486418963,0.07782135188751924,0.4930276694347228,0.11062478424733768
msg-mtg,Stage1-015k,/share/data/drive_3/hanan/iclr2026_workshop/journal_stage1_sweep/msg_mtg/step_015000,500,23.874042626575786,4.226989605548931,0.07283439870204762,0.04351957027089369,0.7626968397498131,0.101444149124928,0.7961873515591017,0.1975850724745153,0.23503011487424375,0.06209531531326058,0.39091066153284315,0.09388217313897608
msg-mtg,Stage1-020k,/share/data/drive_3/hanan/iclr2026_workshop/journal_stage1_sweep/msg_mtg/step_020000,500,23.813773620588414,4.464604297095511,0.07428904704571375,0.0457357814035646,0.7644347630739212,0.10482630906379153,0.7964659078710865,0.2063681201407211,0.23924337390065192,0.06506871238110838,0.39661960389134765,0.09472240519038574
msg-mtg,Stage1-025k,/share/data/drive_3/hanan/iclr2026_workshop/journal_stage1_sweep/msg_mtg/step_025000,500,24.18723239029655,4.236400684158105,0.07033476875161941,0.042472669192536096,0.7694380760192872,0.09957694700533597,0.7499681595492944,0.1752273770040403,0.24470943014323712,0.06647500053993455,0.4052414559953945,0.09448368706580194
msg-mtg,Stage1-030k,/share/data/drive_3/hanan/iclr2026_workshop/journal_stage1_sweep/msg_mtg/step_030000,500,23.366867379598116,4.478645951779317,0.07792046534927413,0.04608226645519884,0.7547742633223533,0.1094115944087255,0.9566048967688883,0.25346473315327855,0.25950667056441307,0.07818465488195517,0.42328715537730494,0.08780603568946972
msg-mtg,Stage1-035k,/share/data/drive_3/hanan/iclr2026_workshop/journal_stage1_sweep/msg_mtg/step_035000,500,23.65250790282029,4.532311464709392,0.0757752597823369,0.04599168350206008,0.7632929709553719,0.10338284671222692,0.8624006159253561,0.20696607806981432,0.2378299473375082,0.06516477552362487,0.3933379292527235,0.09058291063003002
msg-mtg,Stage1-040k,/share/data/drive_3/hanan/iclr2026_workshop/journal_stage1_sweep/msg_mtg/step_040000,500,23.966268677536263,4.419585493374615,0.07273642796213943,0.04421189573956708,0.7731048347949981,0.09758461175475847,0.7982250585368159,0.19529070112129085,0.24771813851594926,0.06574810879786404,0.4104035780165761,0.09312312633992581
msg-mtg,Stage1-045k,/share/data/drive_3/hanan/iclr2026_workshop/journal_stage1_sweep/msg_mtg/step_045000,500,23.773409243691862,4.538042632945915,0.07473554627338641,0.04552808935299607,0.7642611140608787,0.10634185050036807,0.8447313130231551,0.22305735381604563,0.23930078670382499,0.06513589240097584,0.3962595266744579,0.09289440047788686
msg-mtg,Stage1-050k,/share/data/drive_3/hanan/iclr2026_workshop/journal_stage1_sweep/msg_mtg/step_050000,500,23.82878792572992,4.419064150119188,0.07379365400255412,0.044494091468806646,0.7684546491503715,0.10219044771560215,0.8556110692721901,0.20757825291656665,0.24276576127111912,0.06569060041701674,0.4021256403578351,0.09432855607038634
msg-mtg,Stage1-055k,/share/data/drive_3/hanan/iclr2026_workshop/journal_stage1_sweep/msg_mtg/step_055000,500,23.866570636013222,4.41115073134316,0.07350035501929218,0.04428800531575377,0.7709566621184349,0.09992493081964209,0.7912459123082567,0.1758394177411157,0.2411208388209343,0.0646031782201489,0.39929962743019254,0.09022462250517041
msg-mtg,Stage1-060k,/share/data/drive_3/hanan/iclr2026_workshop/journal_stage1_sweep/msg_mtg/step_060000,500,23.66785082873488,4.406172479374806,0.07512594802052243,0.04511704031477241,0.7645599242448807,0.10408670086367514,0.8760727647210054,0.21836202875274185,0.23684474466741084,0.06816492138580933,0.3895676186573153,0.0889173254987728
msg-mtg,Stage1-065k,/share/data/drive_3/hanan/iclr2026_workshop/journal_stage1_sweep/msg_mtg/step_065000,500,24.35198546448388,4.320474154129934,0.06929052098714325,0.042312057465416664,0.771292632818222,0.09985857323479057,0.7198095329376669,0.15732302990522254,0.24514531961083413,0.0658947653186267,0.406891720525791,0.0968261825780249
msg-mtg,Stage1-070k,/share/data/drive_3/hanan/iclr2026_workshop/journal_stage1_sweep/msg_mtg/step_070000,500,24.04995119912188,4.450089067071297,0.07221294041440897,0.044413806775516484,0.7734044206142425,0.1003149251560311,0.7890465380223013,0.19119211074235865,0.2456561998128891,0.06578151872862736,0.40699438652444847,0.09327338068345067
msg-mtg,Stage1-075k,/share/data/drive_3/hanan/iclr2026_workshop/journal_stage1_sweep/msg_mtg/step_075000,500,23.945589970403468,4.50057716759154,0.07317898388711339,0.04480754677502657,0.7732135580182076,0.09993150057256363,0.8422268609235896,0.21303329250041553,0.25177973972260953,0.07023676829270689,0.4140424140883673,0.08950652030882053
msg-mtg,Stage1-080k,/share/data/drive_3/hanan/iclr2026_workshop/journal_stage1_sweep/msg_mtg/step_080000,500,24.052967670719205,4.44052394054988,0.0721209214316751,0.044361888288892454,0.7744807245135308,0.09822854929602214,0.7570589990098929,0.18029374429075595,0.250597813218832,0.06883259354115699,0.41375399797754275,0.0921358995653724
msg-mtg,Stage1-085k,/share/data/drive_3/hanan/iclr2026_workshop/journal_stage1_sweep/msg_mtg/step_085000,500,24.109816631490755,4.398787664065929,0.0714868977233754,0.04382918638110334,0.7678242174983024,0.10173258248232439,0.8122486619557745,0.2031019938405105,0.24758110600709915,0.06560326345353866,0.41078198740649174,0.09370019823183225
msg-mtg,Stage1-090k,/share/data/drive_3/hanan/iclr2026_workshop/journal_stage1_sweep/msg_mtg/step_090000,500,23.906531776425645,4.54575515954635,0.07370160942452175,0.04535101296862317,0.7754435325264931,0.09777737908831391,0.8240476477464731,0.19299218480356975,0.2464774685949087,0.06846182094778247,0.40612703585603976,0.08828718521654562
msg-mtg,Stage1-095k,/share/data/drive_3/hanan/iclr2026_workshop/journal_stage1_sweep/msg_mtg/step_095000,500,24.06161317205017,4.411810655508549,0.07189265351914588,0.04369062110570732,0.7720648855566978,0.10223190548598823,0.8191559459148449,0.20720125943160123,0.2426830976754427,0.06509394795480782,0.401510655003871,0.08934167877249516
